metric,method_A,method_B,n_common,wilcoxon_n_eff,wilcoxon_W,wilcoxon_p_raw,wilcoxon_mode,wilcoxon_p_holm,sign_n,sign_pos,sign_p_raw,sign_p_holm,HL_estimate(A-B),median_diff(A-B)
f1_dice,60%,FREEHAND,81,81,0.0,5.4638189733703355e-15,approx(pratt),2.458718538016651e-13,81,81,8.271806125530277e-25,3.7223127564886245e-23,0.4678726873848825,0.4678726873848825
f1_dice,60%,ILASTIK,81,81,1046.0,0.0038415916724544746,approx(pratt),0.04225750839699922,81,47,0.18207674694084314,1.0,0.04372181272669795,0.04372181272669795
f1_dice,60%,OTSU,81,81,1.0,5.671876047777079e-15,approx(pratt),2.3254691795886025e-13,81,80,6.782881022934827e-23,2.780981219403279e-21,0.6628571428571428,0.6628571428571428
f1_dice,60%,OVAL,81,81,15.0,9.54898185386052e-15,approx(pratt),3.2466538303125765e-13,81,80,6.782881022934827e-23,2.7131524091739308e-21,0.526286769445585,0.526286769445585
f1_dice,60%,PLANKSTER,81,80,1393.0,0.20956575645204056,approx(pratt),0.6286972693561217,80,42,0.7375543089843226,0.7375543089843226,0.018269083365494265,0.018269083365494265
f1_dice,60%,PORED2,81,76,66.0,7.969259704530921e-14,approx(pratt),1.832929732042112e-12,76,72,3.589836803538052e-17,8.615608328491325e-16,0.09120477928974446,0.09120477928974446
f1_dice,60%,SAMJ,81,81,16.0,9.909352204393326e-15,approx(pratt),3.270086227449798e-13,81,77,1.4495364161868997e-18,4.058701965323319e-17,0.5997064374082617,0.5997064374082617
f1_dice,60%,SEMI,81,77,828.0,9.857529314372747e-05,approx(pratt),0.001478629397155912,77,23,0.0005387801699960486,0.008620482719936777,-0.01083871144169768,-0.01083871144169768
f1_dice,60%,UNET,81,80,1196.0,0.029087816972372848,approx(pratt),0.14543908486186424,80,46,0.21851803947870374,0.874072157914815,0.018879300769313878,0.018879300769313878
f1_dice,FREEHAND,ILASTIK,81,78,109.0,3.1295565440732375e-13,approx(pratt),6.885024396961123e-12,78,8,1.7449045276511964e-13,3.838789960832632e-12,-0.4180790960451977,-0.4180790960451977
f1_dice,FREEHAND,OTSU,81,65,348.0,4.064820875640619e-09,approx(pratt),6.910195488589053e-08,65,52,1.1688116132369708e-06,1.9869797425028505e-05,0.11224449524861942,0.11224449524861942
f1_dice,FREEHAND,OVAL,81,59,971.0,0.007434991787472007,approx(pratt),0.07434991787472008,59,39,0.018337087779101986,0.22004505334922383,0.0,0.0
f1_dice,FREEHAND,PLANKSTER,81,81,0.0,5.4638189733703355e-15,approx(pratt),2.404080348282948e-13,81,0,8.271806125530277e-25,3.639594695233322e-23,-0.45530448180738486,-0.45530448180738486
f1_dice,FREEHAND,PORED2,81,81,64.0,5.716526713448608e-14,approx(pratt),1.371966411227666e-12,81,4,1.4495364161868997e-18,3.913748323704629e-17,-0.35221632839753964,-0.35221632839753964
f1_dice,FREEHAND,SAMJ,81,61,999.0,0.008318172272381625,approx(pratt),0.07486355045143463,61,43,0.001868101030975251,0.028021515464628766,0.012135922330097087,0.012135922330097087
f1_dice,FREEHAND,SEMI,81,81,0.0,5.4638189733703355e-15,approx(pratt),2.349442158549244e-13,81,0,8.271806125530277e-25,3.556876633978019e-23,-0.4562797062275421,-0.4562797062275421
f1_dice,FREEHAND,UNET,81,81,0.0,5.4638189733703355e-15,approx(pratt),2.294803968815541e-13,81,0,8.271806125530277e-25,3.474158572722716e-23,-0.48050036791758644,-0.48050036791758644
f1_dice,ILASTIK,OTSU,81,78,10.0,8.845506525311545e-15,approx(pratt),3.1843823491121564e-13,78,76,2.039496518310745e-20,6.526388858594384e-19,0.5622583933715115,0.5622583933715115
f1_dice,ILASTIK,OVAL,81,79,176.0,2.949208433241308e-12,approx(pratt),5.898416866482615e-11,79,70,7.778844062771146e-13,1.5557688125542293e-11,0.46540749001022214,0.46540749001022214
f1_dice,ILASTIK,PLANKSTER,81,81,986.0,0.001506744179856798,approx(pratt),0.019587674338138374,81,34,0.18207674694084314,0.9103837347042156,-0.04374703757206,-0.04374703757206
f1_dice,ILASTIK,PORED2,81,81,1176.0,0.022678478261711685,approx(pratt),0.13607086957027012,81,49,0.07478815428283364,0.5983052342626691,0.06325399572077506,0.06325399572077506
f1_dice,ILASTIK,SAMJ,81,77,31.0,2.0590759250616733e-14,approx(pratt),5.35359740516035e-13,77,74,1.0078897978938123e-18,2.922880413892056e-17,0.44111068213164545,0.44111068213164545
f1_dice,ILASTIK,SEMI,81,81,934.0,0.0006303397132979002,approx(pratt),0.008824755986170602,81,32,0.07478815428283364,0.5235170799798354,-0.08036111211472396,-0.08036111211472396
f1_dice,ILASTIK,UNET,81,81,1117.0,0.01057017078392709,approx(pratt),0.07399119548748963,81,38,0.6569924675863577,1.0,-0.02724410720051662,-0.02724410720051662
f1_dice,OTSU,OVAL,81,67,725.0,3.0891351875039055e-05,approx(pratt),0.0004942616300006249,67,25,0.04980011429472864,0.44820102865255773,-0.016313291233239664,-0.016313291233239664
f1_dice,OTSU,PLANKSTER,81,81,4.0,6.343969994071324e-15,approx(pratt),2.34726889780639e-13,81,1,6.782881022934827e-23,2.6453235989445825e-21,-0.6253376922832083,-0.6253376922832083
f1_dice,OTSU,PORED2,81,81,3.0,6.111659358365917e-15,approx(pratt),2.3224305561790484e-13,81,1,6.782881022934827e-23,2.5774947887152342e-21,-0.5076678650832052,-0.5076678650832052
f1_dice,OTSU,SAMJ,81,67,1571.0,0.8631720848911287,approx(pratt),0.8631720848911287,67,44,0.013933875024287785,0.195074250340029,0.004182350480970306,0.004182350480970306
f1_dice,OTSU,SEMI,81,81,1.0,5.671876047777079e-15,approx(pratt),2.2687504191108317e-13,81,1,6.782881022934827e-23,2.509665978485886e-21,-0.6656862545405167,-0.6656862545405167
f1_dice,OTSU,UNET,81,81,2.0,5.887727172875296e-15,approx(pratt),2.2962135974213653e-13,81,1,6.782881022934827e-23,2.4418371682565377e-21,-0.6174734759221501,-0.6174734759221501
f1_dice,OVAL,PLANKSTER,81,81,34.0,1.923143672965577e-14,approx(pratt),5.192487917007057e-13,81,1,6.782881022934827e-23,2.3740083580271894e-21,-0.5508543644050521,-0.5508543644050521
f1_dice,OVAL,PORED2,81,81,137.0,7.460865534375013e-13,approx(pratt),1.5667817622187527e-11,81,7,3.167382755726581e-15,7.284980338171136e-14,-0.4217687074829932,-0.4217687074829932
f1_dice,OVAL,SAMJ,81,58,1156.0,0.08111430915655679,approx(pratt),0.32445723662622716,58,38,0.024746035842440804,0.27220639426684884,0.0,0.0
f1_dice,OVAL,SEMI,81,81,18.0,1.067070749882741e-14,approx(pratt),3.414626399624771e-13,81,1,6.782881022934827e-23,2.306179547797841e-21,-0.5446318387494858,-0.5446318387494858
f1_dice,OVAL,UNET,81,81,23.0,1.2835038778268792e-14,approx(pratt),3.8505116334806377e-13,81,1,6.782881022934827e-23,2.238350737568493e-21,-0.5224489795918368,-0.5224489795918368
f1_dice,PLANKSTER,PORED2,81,80,238.0,2.1888024542404475e-11,approx(pratt),4.1587246630568506e-10,80,70,3.161290522649495e-12,6.00645199303404e-11,0.11571259994220207,0.11571259994220207
f1_dice,PLANKSTER,SAMJ,81,81,18.0,1.067070749882741e-14,approx(pratt),3.307919324636497e-13,81,77,1.4495364161868997e-18,3.7687946820859393e-17,0.5892514395393474,0.5892514395393474
f1_dice,PLANKSTER,SEMI,81,80,1109.0,0.009544309366667801,approx(pratt),0.07635447493334241,80,30,0.03299261842647619,0.3299261842647619,-0.03066134597202952,-0.03066134597202952
f1_dice,PLANKSTER,UNET,81,80,1416.0,0.25160088938618996,approx(pratt),0.5032017787723799,80,45,0.31430657986393706,0.9429197395918112,0.008562094439773293,0.008562094439773293
f1_dice,PORED2,SAMJ,81,81,53.0,3.8427742256209277e-14,approx(pratt),9.60693556405232e-13,81,72,2.4557438833479224e-13,5.157062155030637e-12,0.433240611961057,0.433240611961057
f1_dice,PORED2,SEMI,81,77,27.0,1.7783229601905326e-14,approx(pratt),4.979304288533491e-13,77,2,3.975760896174872e-20,1.2324858778142104e-18,-0.12115604682690029,-0.12115604682690029
f1_dice,PORED2,UNET,81,80,307.0,1.9154908814978216e-10,approx(pratt),3.447883586696079e-09,80,15,1.411466840981396e-08,2.540640313766513e-07,-0.10443815230323072,-0.10443815230323072
f1_dice,SAMJ,SEMI,81,81,13.0,8.866500267367073e-15,approx(pratt),3.1032750935784754e-13,81,3,7.332294385792548e-20,2.1996883157377644e-18,-0.6390547058219889,-0.6390547058219889
f1_dice,SAMJ,UNET,81,81,27.0,1.487269680848082e-14,approx(pratt),4.313082074459438e-13,81,4,1.4495364161868997e-18,3.6238410404672494e-17,-0.5835232823184631,-0.5835232823184631
f1_dice,SEMI,UNET,81,80,992.0,0.00167347945786458,approx(pratt),0.020081753494374962,80,51,0.01831609751691632,0.23810926771991214,0.04094380145286436,0.04094380145286436
iou_jaccard,60%,FREEHAND,81,81,0.0,5.4638189733703355e-15,approx(pratt),2.458718538016651e-13,81,81,8.271806125530277e-25,3.7223127564886245e-23,0.38703787825843877,0.38703787825843877
iou_jaccard,60%,ILASTIK,81,81,1071.0,0.005551116643331162,approx(pratt),0.055511166433311616,81,47,0.18207674694084314,1.0,0.04759531637677239,0.04759531637677239
iou_jaccard,60%,OTSU,81,81,3.0,6.111659358365917e-15,approx(pratt),2.444663743346367e-13,81,80,6.782881022934827e-23,2.780981219403279e-21,0.5154546935600846,0.5154546935600846
iou_jaccard,60%,OVAL,81,81,14.0,9.201516100676866e-15,approx(pratt),3.220530635236903e-13,81,80,6.782881022934827e-23,2.7131524091739308e-21,0.4097419282862218,0.4097419282862218
iou_jaccard,60%,PLANKSTER,81,80,1325.0,0.11527389827147683,approx(pratt),0.3458216948144305,80,42,0.7375543089843226,0.7375543089843226,0.020691127850552604,0.020691127850552604
iou_jaccard,60%,PORED2,81,76,51.0,4.6473289772750767e-14,approx(pratt),1.1153589545460184e-12,76,72,3.589836803538052e-17,8.615608328491325e-16,0.1089826275368152,0.1089826275368152
iou_jaccard,60%,SAMJ,81,81,14.0,9.201516100676866e-15,approx(pratt),3.1285154742301343e-13,81,77,1.4495364161868997e-18,4.058701965323319e-17,0.44181329117485646,0.44181329117485646
iou_jaccard,60%,SEMI,81,77,856.0,0.00016840550121214533,approx(pratt),0.0025260825181821797,77,23,0.0005387801699960486,0.008620482719936777,-0.01081593927893737,-0.01081593927893737
iou_jaccard,60%,UNET,81,80,1181.0,0.02426427270528782,approx(pratt),0.14558563623172693,80,46,0.21851803947870374,0.874072157914815,0.017225150602409645,0.017225150602409645
iou_jaccard,FREEHAND,ILASTIK,81,78,101.0,2.3647105967095876e-13,approx(pratt),5.2023633127610926e-12,78,8,1.7449045276511964e-13,3.838789960832632e-12,-0.3404949987176199,-0.3404949987176199
iou_jaccard,FREEHAND,OTSU,81,65,347.0,3.950287605109136e-09,approx(pratt),6.715488928685532e-08,65,52,1.1688116132369708e-06,1.9869797425028505e-05,0.0649380560432703,0.0649380560432703
iou_jaccard,FREEHAND,OVAL,81,59,1012.0,0.013079269626488846,approx(pratt),0.10463415701191077,59,39,0.018337087779101986,0.22004505334922383,0.0,0.0
iou_jaccard,FREEHAND,PLANKSTER,81,81,0.0,5.4638189733703355e-15,approx(pratt),2.404080348282948e-13,81,0,8.271806125530277e-25,3.639594695233322e-23,-0.3881278538812785,-0.3881278538812785
iou_jaccard,FREEHAND,PORED2,81,81,57.0,4.441198471902746e-14,approx(pratt),1.1102996179756865e-12,81,4,1.4495364161868997e-18,3.913748323704629e-17,-0.2672413793103448,-0.2672413793103448
iou_jaccard,FREEHAND,SAMJ,81,61,1034.0,0.013407472062578902,approx(pratt),0.09385230443805231,61,43,0.001868101030975251,0.028021515464628766,0.006105006105006105,0.006105006105006105
iou_jaccard,FREEHAND,SEMI,81,81,0.0,5.4638189733703355e-15,approx(pratt),2.349442158549244e-13,81,0,8.271806125530277e-25,3.556876633978019e-23,-0.390625,-0.390625
iou_jaccard,FREEHAND,UNET,81,81,0.0,5.4638189733703355e-15,approx(pratt),2.294803968815541e-13,81,0,8.271806125530277e-25,3.474158572722716e-23,-0.3982155903440212,-0.3982155903440212
iou_jaccard,ILASTIK,OTSU,81,78,10.0,8.845506525311545e-15,approx(pratt),3.1843823491121564e-13,78,76,2.039496518310745e-20,6.526388858594384e-19,0.418894696843315,0.418894696843315
iou_jaccard,ILASTIK,OVAL,81,79,171.0,2.4935164787739554e-12,approx(pratt),4.987032957547911e-11,79,70,7.778844062771146e-13,1.5557688125542293e-11,0.36042296823911824,0.36042296823911824
iou_jaccard,ILASTIK,PLANKSTER,81,81,1030.0,0.0030148759830330584,approx(pratt),0.0361785117963967,81,34,0.18207674694084314,0.9103837347042156,-0.056191843300144484,-0.056191843300144484
iou_jaccard,ILASTIK,PORED2,81,81,1093.0,0.007594186435635452,approx(pratt),0.06834767792071907,81,49,0.07478815428283364,0.5983052342626691,0.056328647343957705,0.056328647343957705
iou_jaccard,ILASTIK,SAMJ,81,77,41.0,2.965945420349396e-14,approx(pratt),7.71145809290843e-13,77,74,1.0078897978938123e-18,2.922880413892056e-17,0.33231918606896343,0.33231918606896343
iou_jaccard,ILASTIK,SEMI,81,81,953.0,0.000872337456107607,approx(pratt),0.012212724385506498,81,32,0.07478815428283364,0.5235170799798354,-0.0738319827324232,-0.0738319827324232
iou_jaccard,ILASTIK,UNET,81,81,1203.0,0.03142221497757141,approx(pratt),0.15711107488785706,81,38,0.6569924675863577,1.0,-0.02671944581890151,-0.02671944581890151
iou_jaccard,OTSU,OVAL,81,67,724.0,3.0258046771592012e-05,approx(pratt),0.0004841287483454722,67,25,0.04980011429472864,0.44820102865255773,-0.008232216867650476,-0.008232216867650476
iou_jaccard,OTSU,PLANKSTER,81,81,5.0,6.584967218280533e-15,approx(pratt),2.4364378707637975e-13,81,1,6.782881022934827e-23,2.6453235989445825e-21,-0.4889924248619604,-0.4889924248619604
iou_jaccard,OTSU,PORED2,81,81,4.0,6.343969994071324e-15,approx(pratt),2.4107085977471034e-13,81,1,6.782881022934827e-23,2.5774947887152342e-21,-0.3551845720142123,-0.3551845720142123
iou_jaccard,OTSU,SAMJ,81,67,1572.0,0.8668853258352524,approx(pratt),0.8668853258352524,67,44,0.013933875024287785,0.195074250340029,0.0020955574182732607,0.0020955574182732607
iou_jaccard,OTSU,SEMI,81,81,2.0,5.887727172875296e-15,approx(pratt),2.413968140878871e-13,81,1,6.782881022934827e-23,2.509665978485886e-21,-0.5205529954367396,-0.5205529954367396
iou_jaccard,OTSU,UNET,81,81,3.0,6.111659358365917e-15,approx(pratt),2.3835471497627077e-13,81,1,6.782881022934827e-23,2.4418371682565377e-21,-0.4674569054335236,-0.4674569054335236
iou_jaccard,OVAL,PLANKSTER,81,81,31.0,1.7227830839455533e-14,approx(pratt),4.823792635047549e-13,81,1,6.782881022934827e-23,2.3740083580271894e-21,-0.4159929308842998,-0.4159929308842998
iou_jaccard,OVAL,PORED2,81,81,142.0,8.858469694315331e-13,approx(pratt),1.8602786358062193e-11,81,7,3.167382755726581e-15,7.284980338171136e-14,-0.28783387965775453,-0.28783387965775453
iou_jaccard,OVAL,SAMJ,81,58,1173.0,0.09626450934000348,approx(pratt),0.3850580373600139,58,38,0.024746035842440804,0.27220639426684884,0.0,0.0
iou_jaccard,OVAL,SEMI,81,81,14.0,9.201516100676866e-15,approx(pratt),3.036500313223366e-13,81,1,6.782881022934827e-23,2.306179547797841e-21,-0.424309204390322,-0.424309204390322
iou_jaccard,OVAL,UNET,81,81,22.0,1.2370160978173108e-14,approx(pratt),3.8347499032336633e-13,81,1,6.782881022934827e-23,2.238350737568493e-21,-0.4047720494247976,-0.4047720494247976
iou_jaccard,PLANKSTER,PORED2,81,80,227.0,1.5341604348626828e-11,approx(pratt),2.914904826239097e-10,80,70,3.161290522649495e-12,6.00645199303404e-11,0.12581262338426868,0.12581262338426868
iou_jaccard,PLANKSTER,SAMJ,81,81,24.0,1.3317096267194204e-14,approx(pratt),3.995128880158261e-13,81,77,1.4495364161868997e-18,3.7687946820859393e-17,0.4270833333333333,0.4270833333333333
iou_jaccard,PLANKSTER,SEMI,81,80,1053.0,0.0042958245429408955,approx(pratt),0.04725406997234985,80,30,0.03299261842647619,0.3299261842647619,-0.03591853931412503,-0.03591853931412503
iou_jaccard,PLANKSTER,UNET,81,80,1413.0,0.245806841077434,approx(pratt),0.491613682154868,80,45,0.31430657986393706,0.9429197395918112,0.009275483242942584,0.009275483242942584
iou_jaccard,PORED2,SAMJ,81,81,94.0,1.6662006038726004e-13,approx(pratt),3.832261388906981e-12,81,72,2.4557438833479224e-13,5.157062155030637e-12,0.2770843734398402,0.2770843734398402
iou_jaccard,PORED2,SEMI,81,77,25.0,1.652429329578942e-14,approx(pratt),4.792045055778931e-13,77,2,3.975760896174872e-20,1.2324858778142104e-18,-0.14292523751020536,-0.14292523751020536
iou_jaccard,PORED2,UNET,81,80,326.0,3.418325325834137e-10,approx(pratt),6.1529855865014465e-09,80,15,1.411466840981396e-08,2.540640313766513e-07,-0.11064919098542553,-0.11064919098542553
iou_jaccard,SAMJ,SEMI,81,81,14.0,9.201516100676866e-15,approx(pratt),2.944485152216597e-13,81,3,7.332294385792548e-20,2.1996883157377644e-18,-0.47214244686961515,-0.47214244686961515
iou_jaccard,SAMJ,UNET,81,81,42.0,2.576386802093205e-14,approx(pratt),6.956244365651653e-13,81,4,1.4495364161868997e-18,3.6238410404672494e-17,-0.41642055522740695,-0.41642055522740695
iou_jaccard,SEMI,UNET,81,80,962.0,0.001023321542859283,approx(pratt),0.013303180057170677,80,51,0.01831609751691632,0.23810926771991214,0.04534500999177149,0.04534500999177149
mcc,60%,FREEHAND,81,76,7.0,9.286909095864192e-15,approx(pratt),3.1575490925938253e-13,76,75,2.0381730293306602e-21,6.725970996791179e-20,0.49537151249203026,0.49537151249203026
mcc,60%,ILASTIK,81,81,1542.0,0.5784999427602561,approx(pratt),1.0,81,41,1.0,1.0,0.002065632709813525,0.002065632709813525
mcc,60%,OTSU,81,80,3.0,6.225682172924233e-15,approx(pratt),2.67704333435742e-13,80,79,1.3400325923359048e-22,5.762140147044391e-21,0.8641923955268098,0.8641923955268098
mcc,60%,OVAL,81,78,66.0,6.826449798080312e-14,approx(pratt),1.7066124495200779e-12,78,75,5.238237034277805e-19,1.3619416289122293e-17,0.4977941958575539,0.4977941958575539
mcc,60%,PLANKSTER,81,80,1582.0,0.7151914322551536,approx(pratt),1.0,80,43,0.5764306261883931,1.0,0.010970362028018266,0.010970362028018266
mcc,60%,PORED2,81,76,43.0,3.4787015368460265e-14,approx(pratt),1.0088234456853477e-12,76,72,3.589836803538052e-17,8.615608328491325e-16,0.287874396106346,0.287874396106346
mcc,60%,SAMJ,81,77,63.0,6.569118157870719e-14,approx(pratt),1.707970721046387e-12,77,71,3.418320890290292e-15,6.152977602522525e-14,0.38517952417730805,0.38517952417730805
mcc,60%,SEMI,81,77,822.0,8.76988696532294e-05,approx(pratt),0.0012277841751452115,77,21,8.215921903007378e-05,0.001150229066421033,-0.02701415400324393,-0.02701415400324393
mcc,60%,UNET,81,80,1362.0,0.16129856558631284,approx(pratt),1.0,80,46,0.21851803947870374,1.0,0.029480295505400267,0.029480295505400267
mcc,FREEHAND,ILASTIK,81,78,11.0,9.179755132210608e-15,approx(pratt),3.212914296273713e-13,78,2,2.039496518310745e-20,5.914539903101161e-19,-0.49404569193547726,-0.49404569193547726
mcc,FREEHAND,OTSU,81,80,21.0,1.2141940284987362e-14,approx(pratt),3.764001488346082e-13,80,79,1.3400325923359048e-22,5.6281368878108e-21,0.33862283541188043,0.33862283541188043
mcc,FREEHAND,OVAL,81,61,1480.0,0.7218680408061726,approx(pratt),1.0,61,32,0.7981526273057179,1.0,0.0,0.0
mcc,FREEHAND,PLANKSTER,81,80,14.0,9.37208058055161e-15,approx(pratt),3.0927865915820316e-13,80,1,1.3400325923359048e-22,5.49413362857721e-21,-0.4913395532117078,-0.4913395532117078
mcc,FREEHAND,PORED2,81,73,454.0,2.1859312107953427e-08,approx(pratt),3.4974899372725483e-07,73,15,4.0931991166650604e-07,6.139798674997591e-06,-0.1785514935841684,-0.1785514935841684
mcc,FREEHAND,SAMJ,81,63,896.0,0.0013117205361284894,approx(pratt),0.015740646433541873,63,20,0.005152397042092064,0.061828764505104765,-0.012706193165893415,-0.012706193165893415
mcc,FREEHAND,SEMI,81,77,6.0,8.190263470941565e-15,approx(pratt),2.9484948495389633e-13,77,1,1.0323214044661785e-21,3.613124915631625e-20,-0.5012331852076904,-0.5012331852076904
mcc,FREEHAND,UNET,81,80,5.0,6.707676617235387e-15,approx(pratt),2.683070646894155e-13,80,2,5.3617847305687254e-21,1.7157711137819921e-19,-0.4557710208438957,-0.4557710208438957
mcc,ILASTIK,OTSU,81,81,1.0,5.671876047777079e-15,approx(pratt),2.4956254610219147e-13,81,80,6.782881022934827e-23,2.984467650091324e-21,0.8291439865042466,0.8291439865042466
mcc,ILASTIK,OVAL,81,79,83.0,1.1890242669438554e-13,approx(pratt),2.615853387276482e-12,79,75,5.2434681244715905e-18,1.3108670311178976e-16,0.4892487260613121,0.4892487260613121
mcc,ILASTIK,PLANKSTER,81,81,1634.0,0.9025701153486566,approx(pratt),0.9025701153486566,81,46,0.2664123096713203,1.0,0.01930600686700762,0.01930600686700762
mcc,ILASTIK,PORED2,81,81,168.0,2.1444159857210366e-12,approx(pratt),3.8599487742978656e-11,81,75,2.91096598559025e-16,5.8219319711805e-15,0.2581988897471611,0.2581988897471611
mcc,ILASTIK,SAMJ,81,77,12.0,1.0231238339016198e-14,approx(pratt),3.2739962684851833e-13,77,76,1.0323214044661785e-21,3.509892775185007e-20,0.38447140804972385,0.38447140804972385
mcc,ILASTIK,SEMI,81,81,1580.0,0.7064244437699296,approx(pratt),1.0,81,39,0.8243132151052083,1.0,-0.021717791711364953,-0.021717791711364953
mcc,ILASTIK,UNET,81,81,1383.0,0.19216749199185645,approx(pratt),1.0,81,48,0.1192736683117644,0.9541893464941152,0.06469660121227033,0.06469660121227033
mcc,OTSU,OVAL,81,80,0.0,5.565934185386101e-15,approx(pratt),2.5046703834237455e-13,80,0,1.6543612251060553e-24,7.444625512977249e-23,-0.3099996972696574,-0.3099996972696574
mcc,OTSU,PLANKSTER,81,80,10.0,8.079213795553208e-15,approx(pratt),2.989309104354687e-13,80,1,1.3400325923359048e-22,5.360130369343619e-21,-0.8351793196404721,-0.8351793196404721
mcc,OTSU,PORED2,81,80,9.0,7.784463170661418e-15,approx(pratt),2.9580960048513386e-13,80,1,1.3400325923359048e-22,5.226127110110029e-21,-0.546055224897105,-0.546055224897105
mcc,OTSU,SAMJ,81,80,8.0,7.500302054575282e-15,approx(pratt),2.92511780128436e-13,80,1,1.3400325923359048e-22,5.092123850876438e-21,-0.3681224529228976,-0.3681224529228976
mcc,OTSU,SEMI,81,80,3.0,6.225682172924233e-15,approx(pratt),2.6147865126281777e-13,80,1,1.3400325923359048e-22,4.958120591642848e-21,-0.889261255270777,-0.889261255270777
mcc,OTSU,UNET,81,80,3.0,6.225682172924233e-15,approx(pratt),2.5525296908989353e-13,80,1,1.3400325923359048e-22,4.8241173324092574e-21,-0.789044307553494,-0.789044307553494
mcc,OVAL,PLANKSTER,81,80,84.0,1.189762440998076e-13,approx(pratt),2.4985011260959595e-12,80,2,5.3617847305687254e-21,1.6621532664763049e-19,-0.4754189263580975,-0.4754189263580975
mcc,OVAL,PORED2,81,74,514.0,9.722096401450591e-08,approx(pratt),1.4583144602175886e-06,74,14,6.221761416347879e-08,9.954818266156606e-07,-0.18241894206332984,-0.18241894206332984
mcc,OVAL,SAMJ,81,60,961.0,0.00555694525048471,approx(pratt),0.0555694525048471,60,20,0.01348929373119186,0.14838223104311046,0.0,0.0
mcc,OVAL,SEMI,81,79,64.0,6.028641689658212e-14,approx(pratt),1.6277332562077173e-12,79,3,2.72109334305444e-19,7.346952026246988e-18,-0.5142483375042628,-0.5142483375042628
mcc,OVAL,UNET,81,80,73.0,8.037257313365507e-14,approx(pratt),1.8485691820740668e-12,80,2,5.3617847305687254e-21,1.6085354191706176e-19,-0.4536176268468155,-0.4536176268468155
mcc,PLANKSTER,PORED2,81,80,111.0,3.08134811061085e-13,approx(pratt),6.1626962212217e-12,80,75,4.252865905071769e-17,9.781591581665069e-16,0.28857785016027493,0.28857785016027493
mcc,PLANKSTER,SAMJ,81,80,60.0,5.03854124107035e-14,approx(pratt),1.410791547499698e-12,80,75,4.252865905071769e-17,9.356304991157892e-16,0.4112725039314184,0.4112725039314184
mcc,PLANKSTER,SEMI,81,80,1390.0,0.20448198653214122,approx(pratt),1.0,80,33,0.1456354544029827,1.0,-0.030350884782631704,-0.030350884782631704
mcc,PLANKSTER,UNET,81,80,1051.0,0.004170132148260347,approx(pratt),0.04587145363086381,80,51,0.01831609751691632,0.1831609751691632,0.03380983624093081,0.03380983624093081
mcc,PORED2,SAMJ,81,71,897.0,0.000527005173969364,approx(pratt),0.006851067261601731,71,48,0.004065116124638666,0.05284650962030266,0.08076835418541843,0.08076835418541843
mcc,PORED2,SEMI,81,77,19.0,1.3250496213949471e-14,approx(pratt),3.9751488641848415e-13,77,2,3.975760896174872e-20,1.1132130509289642e-18,-0.30124791633400627,-0.30124791633400627
mcc,PORED2,UNET,81,80,172.0,2.4948991631316596e-12,approx(pratt),4.2413285773238215e-11,80,13,6.415141174951122e-10,1.0905739997416907e-08,-0.2521996756421491,-0.2521996756421491
mcc,SAMJ,SEMI,81,78,66.0,6.826449798080312e-14,approx(pratt),1.6383479515392747e-12,78,6,1.8493658649069896e-15,3.51379514332328e-14,-0.39532147646591587,-0.39532147646591587
mcc,SAMJ,UNET,81,80,114.0,3.421644375636997e-13,approx(pratt),6.501124313710294e-12,80,5,4.252865905071769e-17,8.931018400650715e-16,-0.3876972660889237,-0.3876972660889237
mcc,SEMI,UNET,81,80,1106.0,0.009159554874944525,approx(pratt),0.08243599387450072,80,50,0.03299261842647619,0.2969335658382857,0.051903239335848395,0.051903239335848395
precision,60%,FREEHAND,81,81,181.0,3.318086592131391e-12,approx(pratt),8.295216480328476e-11,81,68,3.8083949050165733e-10,6.855110829029832e-09,0.2808592649848459,0.2808592649848459
precision,60%,ILASTIK,81,81,308.0,1.945328086124608e-10,approx(pratt),3.5015905550242945e-09,81,6,2.91096598559025e-16,9.89728435100685e-15,-0.24090524259198964,-0.24090524259198964
precision,60%,OTSU,81,81,7.0,7.094310027887228e-15,approx(pratt),3.1214964122703803e-13,81,80,6.782881022934827e-23,3.052296460320672e-21,0.5132743362831859,0.5132743362831859
precision,60%,OVAL,81,81,263.0,4.7852459312837296e-11,approx(pratt),9.57049186256746e-10,81,68,3.8083949050165733e-10,6.474271338528175e-09,0.3125,0.3125
precision,60%,PLANKSTER,81,80,174.0,2.6683205854974923e-12,approx(pratt),6.93763352229348e-11,80,7,5.79510097338583e-15,1.6226282725480324e-13,-0.10044634140626829,-0.10044634140626829
precision,60%,PORED2,81,76,97.0,2.3917024454752804e-13,approx(pratt),7.41427758097337e-12,76,71,5.249233110119942e-16,1.627262264137182e-14,0.08760275045285582,0.08760275045285582
precision,60%,SAMJ,81,81,392.0,2.371075960142008e-09,approx(pratt),2.8452911521704098e-08,81,61,5.656214894965935e-06,6.221836384462529e-05,0.4284002396644697,0.4284002396644697
precision,60%,SEMI,81,77,181.0,3.904841827888904e-12,approx(pratt),9.37162038693337e-11,77,9,2.4488215083103315e-12,5.6322894691137625e-11,-0.03777029180346558,-0.03777029180346558
precision,60%,UNET,81,80,1518.0,0.5052681772502978,approx(pratt),1.0,80,35,0.31430657986393706,0.31430657986393706,-0.016518530940801607,-0.016518530940801607
precision,FREEHAND,ILASTIK,81,78,35.0,2.2204730548101617e-14,approx(pratt),7.993702997316582e-13,78,2,2.039496518310745e-20,7.954036421411906e-19,-0.48174619498148913,-0.48174619498148913
precision,FREEHAND,OTSU,81,65,280.0,5.538544587056222e-10,approx(pratt),8.307816880584333e-09,65,54,6.027539034309403e-08,9.041308551464105e-07,0.18914231921857863,0.18914231921857863
precision,FREEHAND,OVAL,81,59,1201.0,0.11359696874039142,approx(pratt),0.5679848437019571,59,37,0.06744461190078899,0.26977844760315595,0.0,0.0
precision,FREEHAND,PLANKSTER,81,81,26.0,1.433526774284674e-14,approx(pratt),5.590754419710229e-13,81,2,2.747893994901158e-21,1.0991575979604632e-19,-0.35941664666574025,-0.35941664666574025
precision,FREEHAND,PORED2,81,81,608.0,7.303601766434169e-07,approx(pratt),7.303601766434169e-06,81,20,5.656214894965935e-06,5.6562148949659354e-05,-0.11949275754120003,-0.11949275754120003
precision,FREEHAND,SAMJ,81,61,1257.0,0.15725596638182573,approx(pratt),0.47176789914547723,61,37,0.12373144253809215,0.2474628850761843,0.0,0.0
precision,FREEHAND,SEMI,81,81,135.0,6.964584380749054e-13,approx(pratt),1.9500836266097352e-11,81,12,7.033000834768929e-11,1.4066001669537858e-09,-0.3252032520325203,-0.3252032520325203
precision,FREEHAND,UNET,81,81,90.0,1.4463509650121874e-13,approx(pratt),4.917593281041437e-12,81,6,2.91096598559025e-16,9.606187752447826e-15,-0.2742484408973141,-0.2742484408973141
precision,ILASTIK,OTSU,81,78,11.0,9.178978845398813e-15,approx(pratt),3.6715915381595253e-13,78,76,2.039496518310745e-20,7.750086769580831e-19,0.758849191009995,0.758849191009995
precision,ILASTIK,OVAL,81,79,110.0,3.0771917234993127e-13,approx(pratt),9.231575170497938e-12,79,72,1.059068672061396e-14,2.859485414565769e-13,0.5601741884402217,0.5601741884402217
precision,ILASTIK,PLANKSTER,81,81,361.0,9.59189451611866e-10,approx(pratt),1.3428652322566123e-08,81,73,2.977302970952647e-14,7.443257427381617e-13,0.11454053989687896,0.11454053989687896
precision,ILASTIK,PORED2,81,81,119.0,4.002956255020111e-13,approx(pratt),1.1608573139558323e-11,81,76,2.2643223890053103e-17,7.925128361518586e-16,0.34750320842400617,0.34750320842400617
precision,ILASTIK,SAMJ,81,75,86.0,1.7899987280682287e-13,approx(pratt),5.727995929818332e-12,75,69,1.1641661378765454e-14,3.026831958479018e-13,0.6243628950050968,0.6243628950050968
precision,ILASTIK,SEMI,81,81,324.0,3.1692746633070695e-10,approx(pratt),5.387766927622018e-09,81,75,2.91096598559025e-16,9.3150911538888e-15,0.20473377635573065,0.20473377635573065
precision,ILASTIK,UNET,81,81,288.0,1.0486801504398054e-10,approx(pratt),1.9924922858356304e-09,81,74,3.167382755726581e-15,9.185409991607084e-14,0.19564880920693317,0.19564880920693317
precision,OTSU,OVAL,81,67,493.0,1.4234151696138248e-07,approx(pratt),1.5657566865752073e-06,67,19,0.000521612756811516,0.0036512892976806118,-0.06983703823159351,-0.06983703823159351
precision,OTSU,PLANKSTER,81,81,7.0,7.094310027887228e-15,approx(pratt),3.050553311991508e-13,81,1,6.782881022934827e-23,2.984467650091324e-21,-0.6287077331144449,-0.6287077331144449
precision,OTSU,PORED2,81,81,13.0,8.866500267367073e-15,approx(pratt),3.6352651096205e-13,81,1,6.782881022934827e-23,2.9166388398619756e-21,-0.3615293510091873,-0.3615293510091873
precision,OTSU,SAMJ,81,67,1557.0,0.8115400282106705,approx(pratt),0.8115400282106705,67,42,0.04980011429472864,0.24900057147364318,0.0015048908954100827,0.0015048908954100827
precision,OTSU,SEMI,81,81,5.0,6.584967218280533e-15,approx(pratt),2.96323524822624e-13,81,1,6.782881022934827e-23,2.8488100296326273e-21,-0.547600185172712,-0.547600185172712
precision,OTSU,UNET,81,81,7.0,7.094310027887228e-15,approx(pratt),2.979610211712636e-13,81,1,6.782881022934827e-23,2.780981219403279e-21,-0.47993088782562465,-0.47993088782562465
precision,OVAL,PLANKSTER,81,81,91.0,1.4984811729006286e-13,approx(pratt),4.944987870572075e-12,81,8,2.977302970952647e-14,7.145527130286352e-13,-0.3975309553326979,-0.3975309553326979
precision,OVAL,PORED2,81,81,660.0,2.498144539554867e-06,approx(pratt),2.2483300855993802e-05,81,23,0.0001266111519644753,0.0010128892157158023,-0.16231930413510637,-0.16231930413510637
precision,OVAL,SAMJ,81,58,1196.0,0.12027272125770445,approx(pratt),0.4810908850308178,58,37,0.047940324071666984,0.2876419444300019,0.0,0.0
precision,OVAL,SEMI,81,81,208.0,8.119431837876516e-12,approx(pratt),1.8674693227115987e-10,81,11,1.1828221854912694e-11,2.6022088080807925e-10,-0.35390118488710043,-0.35390118488710043
precision,OVAL,UNET,81,81,209.0,8.390491365261371e-12,approx(pratt),1.8459081003575017e-10,81,12,7.033000834768929e-11,1.3362701586060965e-09,-0.32131034853122814,-0.32131034853122814
precision,PLANKSTER,PORED2,81,80,34.0,1.958372512560799e-14,approx(pratt),7.245978296474956e-13,80,77,1.4128410298528223e-19,5.0862277074701604e-18,0.24059924450549453,0.24059924450549453
precision,PLANKSTER,SAMJ,81,81,242.0,2.44978926555348e-11,approx(pratt),5.144557457662308e-10,81,67,1.8890284038209304e-09,3.0224454461134887e-08,0.5343980343980343,0.5343980343980343
precision,PLANKSTER,SEMI,81,80,703.0,6.6848609440157065e-06,approx(pratt),5.347888755212565e-05,80,61,2.7318699228822653e-06,3.278243907458718e-05,0.05813876520047678,0.05813876520047678
precision,PLANKSTER,UNET,81,80,61.0,5.2235034783411313e-14,approx(pratt),1.8282262174193958e-12,80,74,5.396645380673323e-16,1.618993614201997e-14,0.10207921098194417,0.10207921098194417
precision,PORED2,SAMJ,81,81,742.0,1.5447543155038395e-05,approx(pratt),0.00010813280208526877,81,59,4.769842118193509e-05,0.0004292857906374158,0.29345703125,0.29345703125
precision,PORED2,SEMI,81,77,27.0,1.7783229601905326e-14,approx(pratt),6.757627248724024e-13,77,2,3.975760896174872e-20,1.4710315315847027e-18,-0.14210899982418101,-0.14210899982418101
precision,PORED2,UNET,81,80,173.0,2.5801813266357807e-12,approx(pratt),6.966489581916608e-11,80,11,2.0495153187175896e-11,4.303982169306938e-10,-0.12743857919482127,-0.12743857919482127
precision,SAMJ,SEMI,81,81,328.0,3.577461746968154e-10,approx(pratt),5.7239387951490465e-09,81,18,5.204403564731414e-07,7.28616499062398e-06,-0.4782608695652174,-0.4782608695652174
precision,SAMJ,UNET,81,81,379.0,1.626377960269483e-09,approx(pratt),2.114291348350328e-08,81,18,5.204403564731414e-07,6.765724634150838e-06,-0.4368932038834951,-0.4368932038834951
precision,SEMI,UNET,81,80,1191.0,0.027395498397272882,approx(pratt),0.16437299038363729,80,48,0.09291188222054622,0.27873564666163864,0.018431281094527407,0.018431281094527407
recall,60%,FREEHAND,81,81,0.0,5.253944685618369e-15,approx(pratt),2.311735661672082e-13,81,81,8.271806125530277e-25,3.7223127564886245e-23,0.8378033205619412,0.8378033205619412
recall,60%,ILASTIK,81,76,0.0,7.160135719358663e-15,approx(pratt),2.0764393586140121e-13,76,76,2.6469779601696886e-23,8.999725064576941e-22,0.4026610644257703,0.4026610644257703
recall,60%,OTSU,81,81,0.0,5.33100105760119e-15,approx(pratt),2.2923304547685117e-13,81,81,8.271806125530277e-25,3.639594695233322e-23,0.9530540131246845,0.9530540131246845
recall,60%,OVAL,81,80,2.0,5.852267443000278e-15,approx(pratt),1.9897709306200945e-13,80,79,1.3400325923359048e-22,4.0200977770077145e-21,0.9207988980716253,0.9207988980716253
recall,60%,PLANKSTER,81,78,0.0,6.097015081612781e-15,approx(pratt),2.0120149769322177e-13,78,78,6.617444900424222e-24,2.3161057151484775e-22,0.2319618366129994,0.2319618366129994
recall,60%,PORED2,81,67,264.0,2.2467457505515557e-10,approx(pratt),3.3701186258273336e-09,67,55,1.0273195443541004e-07,1.4382473620957405e-06,0.0826446280991735,0.0826446280991735
recall,60%,SAMJ,81,81,0.0,5.361380316302872e-15,approx(pratt),2.144552126521149e-13,81,81,8.271806125530277e-25,3.556876633978019e-23,0.9354838709677419,0.9354838709677419
recall,60%,SEMI,81,66,20.0,8.344047899967679e-14,approx(pratt),1.6688095799935357e-12,66,65,1.81603863891322e-18,3.63207727782644e-17,0.031604054859868835,0.031604054859868835
recall,60%,UNET,81,75,466.0,2.4943657022631716e-08,approx(pratt),2.743802272489489e-07,75,60,1.5877990745379462e-07,2.06413879689933e-06,0.0915977961432507,0.0915977961432507
recall,FREEHAND,ILASTIK,81,78,251.0,3.585106234204447e-11,approx(pratt),6.09468059814756e-10,78,13,1.807703105408552e-09,2.711554658112828e-08,-0.40593141797961074,-0.40593141797961074
recall,FREEHAND,OTSU,81,65,395.0,1.519726736835125e-08,approx(pratt),1.82367208420215e-07,65,51,4.475224849487538e-06,5.370269819385046e-05,0.08427876823338737,0.08427876823338737
recall,FREEHAND,OVAL,81,58,1030.0,0.019040246335298404,approx(pratt),0.07616098534119362,58,38,0.024746035842440804,0.0742381075273224,0.0,0.0
recall,FREEHAND,PLANKSTER,81,81,3.0,6.1095653054926054e-15,approx(pratt),1.9550608977576337e-13,81,1,6.782881022934827e-23,2.1705219273391446e-21,-0.6013427109974425,-0.6013427109974425
recall,FREEHAND,PORED2,81,81,42.0,2.500778837913053e-14,approx(pratt),5.501713443408716e-13,81,3,7.332294385792548e-20,1.686427708732286e-18,-0.7123287671232877,-0.7123287671232877
recall,FREEHAND,SAMJ,81,61,914.0,0.0023477795444287954,approx(pratt),0.014086677266572773,61,45,0.0002642786618272985,0.002114229294618388,0.013414634146341463,0.013414634146341463
recall,FREEHAND,SEMI,81,81,0.0,5.33100105760119e-15,approx(pratt),2.2390204441924998e-13,81,0,8.271806125530277e-25,3.474158572722716e-23,-0.8057932850559579,-0.8057932850559579
recall,FREEHAND,UNET,81,81,0.0,5.458653832199187e-15,approx(pratt),2.019701917913699e-13,81,0,8.271806125530277e-25,3.3914405114674135e-23,-0.7258064516129032,-0.7258064516129032
recall,ILASTIK,OTSU,81,78,11.0,9.164241052650261e-15,approx(pratt),2.1994178526360626e-13,78,76,2.039496518310745e-20,4.894791643945788e-19,0.5109489051094891,0.5109489051094891
recall,ILASTIK,OVAL,81,79,328.0,3.7371554953325523e-10,approx(pratt),5.232017693465573e-09,79,67,2.048841172810755e-10,3.278145876497208e-09,0.46537949400798934,0.46537949400798934
recall,ILASTIK,PLANKSTER,81,79,653.0,2.198750090466983e-06,approx(pratt),1.9788750814202844e-05,79,25,0.0014660719473423367,0.010262503631396358,-0.16398330351818724,-0.16398330351818724
recall,ILASTIK,PORED2,81,76,6.0,8.948782285404925e-15,approx(pratt),2.2371955713512314e-13,76,1,2.0381730293306602e-21,5.503067179192783e-20,-0.20658263305322122,-0.20658263305322122
recall,ILASTIK,SAMJ,81,76,50.0,4.478831503148818e-14,approx(pratt),9.405546156612518e-13,76,72,3.589836803538052e-17,6.820689926722299e-16,0.39766839378238344,0.39766839378238344
recall,ILASTIK,SEMI,81,76,0.0,7.160135719358663e-15,approx(pratt),2.0048380014204256e-13,76,0,2.6469779601696886e-23,8.735027268559972e-22,-0.32506887052341604,-0.32506887052341604
recall,ILASTIK,UNET,81,78,398.0,3.0672890173088682e-09,approx(pratt),3.9874757225015285e-08,78,19,6.41506390670917e-06,7.056570297380087e-05,-0.29371231696813094,-0.29371231696813094
recall,OTSU,OVAL,81,67,791.0,0.00011564939050067817,approx(pratt),0.0008095457335047472,67,26,0.08643723427347082,0.17287446854694163,-0.00975609756097561,-0.00975609756097561
recall,OTSU,PLANKSTER,81,81,1.0,5.669928057069226e-15,approx(pratt),1.9844748199742293e-13,81,1,6.782881022934827e-23,2.1026931171097963e-21,-0.7,-0.7
recall,OTSU,PORED2,81,81,0.0,5.33100105760119e-15,approx(pratt),2.185710433616488e-13,81,0,8.271806125530277e-25,3.3087224502121107e-23,-0.8493150684931506,-0.8493150684931506
recall,OTSU,SAMJ,81,67,1542.0,0.7571211254142834,approx(pratt),0.7571211254142834,67,44,0.013933875024287785,0.05573550009715114,0.0038498556304138597,0.0038498556304138597
recall,OTSU,SEMI,81,81,0.0,5.361380316302872e-15,approx(pratt),2.0909383233581202e-13,81,0,8.271806125530277e-25,3.226004388956808e-23,-0.9207436399217221,-0.9207436399217221
recall,OTSU,UNET,81,81,0.0,5.458653832199187e-15,approx(pratt),1.9651153795917073e-13,81,0,8.271806125530277e-25,3.143286327701505e-23,-0.8521168753726893,-0.8521168753726893
recall,OVAL,PLANKSTER,81,81,91.0,1.4980200172770244e-13,approx(pratt),2.8462380328263462e-12,81,4,1.4495364161868997e-18,3.1889801156111794e-17,-0.6277372262773723,-0.6277372262773723
recall,OVAL,PORED2,81,80,100.0,2.0378315531204115e-13,approx(pratt),3.66809679561674e-12,80,5,4.252865905071769e-17,7.655158629129184e-16,-0.79328165374677,-0.79328165374677
recall,OVAL,SAMJ,81,58,1099.0,0.04380977572830722,approx(pratt),0.13142932718492167,58,39,0.011928139715763179,0.05964069857881589,0.0,0.0
recall,OVAL,SEMI,81,80,4.0,6.3716694917734096e-15,approx(pratt),1.975217542449757e-13,80,1,1.3400325923359048e-22,3.886094517774124e-21,-0.8746575342465753,-0.8746575342465753
recall,OVAL,UNET,81,81,12.0,8.536257011855504e-15,approx(pratt),2.3047893932009864e-13,81,2,2.747893994901158e-21,7.144524386743011e-20,-0.8,-0.8
recall,PLANKSTER,PORED2,81,78,838.0,0.00011514829719903778,approx(pratt),0.0009211863775923022,78,19,6.41506390670917e-06,6.41506390670917e-05,-0.1428571428571429,-0.1428571428571429
recall,PLANKSTER,SAMJ,81,81,13.0,8.865749689317534e-15,approx(pratt),2.305094919222559e-13,81,77,1.4495364161868997e-18,3.0440264739924895e-17,0.6633540372670808,0.6633540372670808
recall,PLANKSTER,SEMI,81,78,23.0,1.4301850158920808e-14,approx(pratt),3.2894255365517857e-13,78,1,5.227781471335135e-22,1.4637788119738378e-20,-0.19372037914691953,-0.19372037914691953
recall,PLANKSTER,UNET,81,79,263.0,5.01474941066871e-11,approx(pratt),8.023599057069936e-10,79,11,3.544560973532992e-11,6.025753655006086e-10,-0.16650625601539937,-0.16650625601539937
recall,PORED2,SAMJ,81,81,0.0,5.1529721988594824e-15,approx(pratt),2.3188374894867673e-13,81,81,8.271806125530277e-25,3.0605682664462024e-23,0.8033205619412516,0.8033205619412516
recall,PORED2,SEMI,81,66,449.0,5.3897492096691386e-08,approx(pratt),5.389749209669139e-07,66,15,1.0096127351113507e-05,9.086514616002156e-05,-0.04063360881542699,-0.04063360881542699
recall,PORED2,UNET,81,76,1564.0,0.6768634923051512,approx(pratt),1.0,76,39,0.9087769252754927,0.9087769252754927,0.0,0.0
recall,SAMJ,SEMI,81,81,0.0,5.3868200755612645e-15,approx(pratt),2.0469916287132806e-13,81,0,8.271806125530277e-25,2.9778502051908996e-23,-0.8914634146341464,-0.8914634146341464
recall,SAMJ,UNET,81,81,7.0,7.0882634753743436e-15,approx(pratt),2.126479042612303e-13,81,2,2.747893994901158e-21,6.869734987252895e-20,-0.8234323432343235,-0.8234323432343235
recall,SEMI,UNET,81,77,1064.0,0.00538865046887199,approx(pratt),0.02694325234435995,77,52,0.002799053877277624,0.016794323263665742,0.05653912050256993,0.05653912050256993
specificity,60%,FREEHAND,81,81,231.0,1.7163299599752153e-11,approx(pratt),4.1191919039405165e-10,81,16,3.641398627788796e-08,6.190377667240953e-07,-0.34822451317296677,-0.34822451317296677
specificity,60%,ILASTIK,81,81,0.0,5.4638189733703355e-15,approx(pratt),2.2401657790818375e-13,81,0,8.271806125530277e-25,3.7223127564886245e-23,-0.3421153111874762,-0.3421153111874762
specificity,60%,OTSU,81,81,943.0,0.0007359135916807494,approx(pratt),0.005887308733445995,81,30,0.02565435797169624,0.23088922174526616,-0.09322033898305082,-0.09322033898305082
specificity,60%,OVAL,81,81,239.0,2.224025040214281e-11,approx(pratt),5.115257592492846e-10,81,10,1.799344170436706e-12,4.318426009048094e-11,-0.360655737704918,-0.360655737704918
specificity,60%,PLANKSTER,81,80,8.0,7.500302054575282e-15,approx(pratt),2.850114780738607e-13,80,2,5.3617847305687254e-21,2.091096044921803e-19,-0.23163418290854576,-0.23163418290854576
specificity,60%,PORED2,81,76,360.0,1.1549144410268089e-09,approx(pratt),2.3098288820536177e-08,76,64,1.0023457813247953e-09,2.0046915626495906e-08,0.11630036630036622,0.11630036630036622
specificity,60%,SAMJ,81,81,0.0,5.459123201557926e-15,approx(pratt),2.4020142086854873e-13,81,0,8.271806125530277e-25,3.639594695233322e-23,-0.38501799149492966,-0.38501799149492966
specificity,60%,SEMI,81,77,246.0,3.255610752807998e-11,approx(pratt),6.836782580896795e-10,77,8,3.137352112678877e-13,8.470850704232968e-12,-0.07379798732761833,-0.07379798732761833
specificity,60%,UNET,81,80,856.0,0.00015487822230603787,approx(pratt),0.0013939040007543409,80,31,0.056664426345121144,0.33998655807072686,-0.08781977854142797,-0.08781977854142797
specificity,FREEHAND,ILASTIK,81,75,1301.0,0.10074555741321327,approx(pratt),0.5037277870660664,75,32,0.24804574189252784,1.0,-0.01519644180874724,-0.01519644180874724
specificity,FREEHAND,OTSU,81,80,195.0,5.375247015073807e-12,approx(pratt),1.3975642239191898e-10,80,69,2.0495153187175896e-11,4.713885233050456e-10,0.1953534031413613,0.1953534031413613
specificity,FREEHAND,OVAL,81,61,1102.0,0.031553759056354075,approx(pratt),0.18932255433812445,61,22,0.03961701489849968,0.2773191042894978,0.0,0.0
specificity,FREEHAND,PLANKSTER,81,81,1095.0,0.007809917534827476,approx(pratt),0.054669422743792336,81,51,0.02565435797169624,0.20523486377356992,0.08636026686434395,0.08636026686434395
specificity,FREEHAND,PORED2,81,81,92.0,1.5424644654988903e-13,approx(pratt),4.935886289596449e-12,81,73,2.977302970952647e-14,8.634178615762676e-13,0.4529280948851001,0.4529280948851001
specificity,FREEHAND,SAMJ,81,62,369.0,1.4275948139302633e-08,approx(pratt),2.141392220895395e-07,62,9,1.0507232717140574e-08,1.8913018890853034e-07,-0.07342342342342345,-0.07342342342342345
specificity,FREEHAND,SEMI,81,81,418.0,4.982183267144818e-09,approx(pratt),7.971493227431709e-08,81,62,1.7730682926908962e-06,2.304988780498165e-05,0.2558063460909388,0.2558063460909388
specificity,FREEHAND,UNET,81,81,138.0,7.72186186507791e-13,approx(pratt),2.0849027035710358e-11,81,74,3.167382755726581e-15,9.502148267179742e-14,0.19103313840155944,0.19103313840155944
specificity,ILASTIK,OTSU,81,81,416.0,4.710147746235878e-09,approx(pratt),8.007251168600992e-08,81,67,1.8890284038209304e-09,3.589153967259768e-08,0.28214971209213047,0.28214971209213047
specificity,ILASTIK,OVAL,81,75,1629.0,0.9230884427909823,approx(pratt),0.9230884427909823,75,38,1.0,1.0,0.0,0.0
specificity,ILASTIK,PLANKSTER,81,81,62.0,5.3193205122115986e-14,approx(pratt),1.7553757690298275e-12,81,76,2.2643223890053103e-17,7.472263883717524e-16,0.09670487106017189,0.09670487106017189
specificity,ILASTIK,PORED2,81,81,0.0,5.4633492261101e-15,approx(pratt),2.294606674966242e-13,81,81,8.271806125530277e-25,3.556876633978019e-23,0.4805401111993646,0.4805401111993646
specificity,ILASTIK,SAMJ,81,69,580.0,9.099630238673263e-07,approx(pratt),1.182951931027524e-05,69,14,6.921916920059638e-07,1.0382875380089457e-05,-0.01637426900584793,-0.01637426900584793
specificity,ILASTIK,SEMI,81,81,0.0,5.4638189733703355e-15,approx(pratt),2.1855275893481343e-13,81,81,8.271806125530277e-25,3.474158572722716e-23,0.2716049382716049,0.2716049382716049
specificity,ILASTIK,UNET,81,81,18.0,1.067070749882741e-14,approx(pratt),3.8414546995778673e-13,81,78,7.332294385792548e-20,2.7862718666011682e-18,0.2722513089005236,0.2722513089005236
specificity,OTSU,OVAL,81,80,239.0,2.2603748519106047e-11,approx(pratt),4.97282467420333e-10,80,9,4.3739781822391746e-13,1.1372343273821854e-11,-0.2465049928673324,-0.2465049928673324
specificity,OTSU,PLANKSTER,81,81,696.0,5.65798313763189e-06,approx(pratt),6.223781451395079e-05,81,21,1.69358312158601e-05,0.00018629414337446108,-0.17213114754098358,-0.17213114754098358
specificity,OTSU,PORED2,81,81,493.0,3.916767909889626e-08,approx(pratt),5.483475073845476e-07,81,60,1.69358312158601e-05,0.00016935831215860098,0.27996965098634297,0.27996965098634297
specificity,OTSU,SAMJ,81,80,94.0,1.6956327357096853e-13,approx(pratt),5.256461480700025e-12,80,3,1.4128410298528223e-19,5.0862277074701604e-18,-0.3118455497382199,-0.3118455497382199
specificity,OTSU,SEMI,81,81,1369.0,0.17065262982204854,approx(pratt),0.6826105192881942,81,38,0.6569924675863577,1.0,-0.024364406779661008,-0.024364406779661008
specificity,OTSU,UNET,81,81,1513.0,0.48886365530540643,approx(pratt),0.9777273106108129,81,39,0.8243132151052083,1.0,-0.006896551724137945,-0.006896551724137945
specificity,OVAL,PLANKSTER,81,80,853.0,0.00014631657199852424,approx(pratt),0.0014631657199852424,80,60,8.580559867049611e-06,0.00010296671840459534,0.10691823899371067,0.10691823899371067
specificity,OVAL,PORED2,81,81,114.0,3.348923360037269e-13,approx(pratt),9.71187774410808e-12,81,73,2.977302970952647e-14,8.336448318667411e-13,0.49668615984405456,0.49668615984405456
specificity,OVAL,SAMJ,81,59,523.0,1.5202670367987535e-06,approx(pratt),1.824320444158504e-05,59,11,1.2416282261784595e-06,1.7382795166498433e-05,-0.03063063063063065,-0.03063063063063065
specificity,OVAL,SEMI,81,81,390.0,2.2378884351111087e-09,approx(pratt),4.0281991831999955e-08,81,69,7.033000834768929e-11,1.5472601836491644e-09,0.2731958762886598,0.2731958762886598
specificity,OVAL,UNET,81,81,224.0,1.3695585091847874e-11,approx(pratt),3.4238962729619685e-10,81,69,7.033000834768929e-11,1.4769301753014751e-09,0.26124437781109444,0.26124437781109444
specificity,PLANKSTER,PORED2,81,80,16.0,1.009282127564593e-14,approx(pratt),3.7343438719889945e-13,80,76,2.7577887293885173e-18,9.376481679920959e-17,0.36656782802075616,0.36656782802075616
specificity,PLANKSTER,SAMJ,81,80,58.0,4.6877264000674576e-14,approx(pratt),1.5938269760229356e-12,80,3,1.4128410298528223e-19,4.944943604484878e-18,-0.13921673819742486,-0.13921673819742486
specificity,PLANKSTER,SEMI,81,80,133.0,6.612817578179359e-13,approx(pratt),1.8515889218902204e-11,80,71,4.3739781822391746e-13,1.0934945455597936e-11,0.14955022488755632,0.14955022488755632
specificity,PLANKSTER,UNET,81,80,31.0,1.754398024986604e-14,approx(pratt),6.140393087453114e-13,80,75,4.252865905071769e-17,1.360917089622966e-15,0.16460905349794236,0.16460905349794236
specificity,PORED2,SAMJ,81,81,0.0,5.33100105760119e-15,approx(pratt),2.3989504759205355e-13,81,0,8.271806125530277e-25,3.3914405114674135e-23,-0.5520340586565753,-0.5520340586565753
specificity,PORED2,SEMI,81,76,91.0,1.936595387881375e-13,approx(pratt),5.809786163644125e-12,76,5,5.249233110119942e-16,1.627262264137182e-14,-0.17848882035466462,-0.17848882035466462
specificity,PORED2,UNET,81,80,388.0,2.142781410391784e-09,approx(pratt),4.071284679744389e-08,80,17,2.2661405044675463e-07,3.625824807148074e-06,-0.21491658488714427,-0.21491658488714427
specificity,SAMJ,SEMI,81,81,0.0,5.461940211135383e-15,approx(pratt),2.3486342907882147e-13,81,81,8.271806125530277e-25,3.3087224502121107e-23,0.2731958762886598,0.2731958762886598
specificity,SAMJ,UNET,81,81,8.0,7.363329129290615e-15,approx(pratt),2.8716983604233397e-13,81,78,7.332294385792548e-20,2.7129489227432427e-18,0.3155444126074498,0.3155444126074498
specificity,SEMI,UNET,81,80,1465.0,0.3597911035735396,approx(pratt),1.0,80,44,0.43404225534547874,1.0,0.019933554817275767,0.019933554817275767
balanced_accuracy,60%,FREEHAND,81,76,10.0,1.0378534838151968e-14,approx(pratt),3.8400578901162283e-13,76,75,2.0381730293306602e-21,6.725970996791179e-20,0.24987133160536068,0.24987133160536068
balanced_accuracy,60%,ILASTIK,81,81,1454.0,0.3320933964501185,approx(pratt),1.0,81,44,0.5052364407669357,1.0,0.03536287555369377,0.03536287555369377
balanced_accuracy,60%,OTSU,81,80,6.0,6.962263856318232e-15,approx(pratt),2.7849055425272927e-13,80,79,1.3400325923359048e-22,5.762140147044391e-21,0.4186472940000588,0.4186472940000588
balanced_accuracy,60%,OVAL,81,78,99.0,2.2042311626853033e-13,approx(pratt),4.628885441639137e-12,78,75,5.238237034277805e-19,1.4143239992550074e-17,0.24170106725734997,0.24170106725734997
balanced_accuracy,60%,PLANKSTER,81,80,1513.0,0.49034192478220007,approx(pratt),1.0,80,40,1.0,1.0,0.0,0.0
balanced_accuracy,60%,PORED2,81,76,60.0,6.426699388610556e-14,approx(pratt),1.8637428226970612e-12,76,72,3.589836803538052e-17,8.25662464813752e-16,0.14218853651018848,0.14218853651018848
balanced_accuracy,60%,SAMJ,81,77,97.0,2.1988833566892084e-13,approx(pratt),4.837543384716258e-12,77,70,3.5245694262351566e-14,6.696681909846798e-13,0.20967667426790804,0.20967667426790804
balanced_accuracy,60%,SEMI,81,77,1017.0,0.0026633879852734567,approx(pratt),0.03462404380855494,77,25,0.002799053877277624,0.03638770040460911,-0.013760699866438686,-0.013760699866438686
balanced_accuracy,60%,UNET,81,80,1547.0,0.596331673765485,approx(pratt),1.0,80,40,1.0,1.0,0.0,0.0
balanced_accuracy,FREEHAND,ILASTIK,81,78,36.0,2.3038787645613742e-14,approx(pratt),7.14202417014026e-13,78,3,5.238237034277805e-19,1.3619416289122293e-17,-0.23180683465124363,-0.23180683465124363
balanced_accuracy,FREEHAND,OTSU,81,80,22.0,1.2598381455203802e-14,approx(pratt),4.409433509321331e-13,80,79,1.3400325923359048e-22,5.6281368878108e-21,0.1622222222222222,0.1622222222222222
balanced_accuracy,FREEHAND,OVAL,81,61,1511.0,0.8345795382589445,approx(pratt),1.0,61,32,0.7981526273057179,1.0,0.0,0.0
balanced_accuracy,FREEHAND,PLANKSTER,81,80,43.0,2.7207274762604424e-14,approx(pratt),8.162182428781328e-13,80,1,1.3400325923359048e-22,5.49413362857721e-21,-0.2532449666186539,-0.2532449666186539
balanced_accuracy,FREEHAND,PORED2,81,73,472.0,3.551713262433776e-08,approx(pratt),5.682741219894041e-07,73,15,4.0931991166650604e-07,6.139798674997591e-06,-0.0794729018739534,-0.0794729018739534
balanced_accuracy,FREEHAND,SAMJ,81,63,1018.0,0.00839871339204379,approx(pratt),0.10078456070452549,63,22,0.022574972673257185,0.2708996720790862,-0.0029487216196811827,-0.0029487216196811827
balanced_accuracy,FREEHAND,SEMI,81,77,13.0,1.0616957222678536e-14,approx(pratt),3.8221046001642733e-13,77,1,1.0323214044661785e-21,3.613124915631625e-20,-0.27042663355377805,-0.27042663355377805
balanced_accuracy,FREEHAND,UNET,81,80,5.0,6.707676617235387e-15,approx(pratt),2.8172241792388625e-13,80,2,5.3617847305687254e-21,1.7157711137819921e-19,-0.2583629034386795,-0.2583629034386795
balanced_accuracy,ILASTIK,OTSU,81,81,0.0,5.4638189733703355e-15,approx(pratt),2.458718538016651e-13,81,81,8.271806125530277e-25,3.7223127564886245e-23,0.3555840488676309,0.3555840488676309
balanced_accuracy,ILASTIK,OVAL,81,79,137.0,7.850011474565912e-13,approx(pratt),1.4915021801675232e-11,79,72,1.059068672061396e-14,2.1181373441227919e-13,0.24120266920294425,0.24120266920294425
balanced_accuracy,ILASTIK,PLANKSTER,81,81,1212.0,0.03491783830096637,approx(pratt),0.3491783830096637,81,33,0.1192736683117644,1.0,-0.02761172625473718,-0.02761172625473718
balanced_accuracy,ILASTIK,PORED2,81,81,388.0,2.112214347781142e-09,approx(pratt),3.5907643912279414e-08,81,65,3.641398627788796e-08,5.826237804462073e-07,0.1296558791311414,0.1296558791311414
balanced_accuracy,ILASTIK,SAMJ,81,77,25.0,1.652429329578942e-14,approx(pratt),5.287773854652614e-13,77,76,1.0323214044661785e-21,3.509892775185007e-20,0.1821070234113713,0.1821070234113713
balanced_accuracy,ILASTIK,SEMI,81,81,1361.0,0.15919739538424482,approx(pratt),1.0,81,35,0.2664123096713203,1.0,-0.05978478895269268,-0.05978478895269268
balanced_accuracy,ILASTIK,UNET,81,81,1328.0,0.11801747674605242,approx(pratt),1.0,81,39,0.8243132151052083,1.0,-0.013547222597405706,-0.013547222597405706
balanced_accuracy,OTSU,OVAL,81,80,0.0,5.565934185386101e-15,approx(pratt),2.449011041569884e-13,80,0,1.6543612251060553e-24,7.279189390466644e-23,-0.15957908204135257,-0.15957908204135257
balanced_accuracy,OTSU,PLANKSTER,81,80,26.0,1.4599117414216328e-14,approx(pratt),4.963699920833551e-13,80,1,1.3400325923359048e-22,5.360130369343619e-21,-0.42214280063986503,-0.42214280063986503
balanced_accuracy,OTSU,PORED2,81,80,11.0,8.384941778968572e-15,approx(pratt),3.270127293797743e-13,80,1,1.3400325923359048e-22,5.226127110110029e-21,-0.25565516210966677,-0.25565516210966677
balanced_accuracy,OTSU,SAMJ,81,80,11.0,8.384941778968572e-15,approx(pratt),3.1862778760080573e-13,80,1,1.3400325923359048e-22,5.092123850876438e-21,-0.17012135109567394,-0.17012135109567394
balanced_accuracy,OTSU,SEMI,81,80,5.0,6.707676617235387e-15,approx(pratt),2.7501474130665086e-13,80,1,1.3400325923359048e-22,4.958120591642848e-21,-0.4259188704616764,-0.4259188704616764
balanced_accuracy,OTSU,UNET,81,80,2.0,5.997636431875621e-15,approx(pratt),2.5789836657065173e-13,80,1,1.3400325923359048e-22,4.8241173324092574e-21,-0.4087221095334686,-0.4087221095334686
balanced_accuracy,OVAL,PLANKSTER,81,80,83.0,1.14820920403686e-13,approx(pratt),3.1001648508995217e-12,80,2,5.3617847305687254e-21,1.6621532664763049e-19,-0.2682309142283572,-0.2682309142283572
balanced_accuracy,OVAL,PORED2,81,74,527.0,1.35969914056016e-07,approx(pratt),2.03954871084024e-06,74,13,1.3936467518320873e-08,2.3691994781145484e-07,-0.08560365739876846,-0.08560365739876846
balanced_accuracy,OVAL,SAMJ,81,60,1066.0,0.022973726920103615,approx(pratt),0.2527109961211398,60,21,0.027340133868077935,0.3007414725488573,0.0,0.0
balanced_accuracy,OVAL,SEMI,81,79,98.0,2.021380224520425e-13,approx(pratt),4.85131253884902e-12,79,4,5.2434681244715905e-18,1.2584323498731817e-16,-0.2529780277928262,-0.2529780277928262
balanced_accuracy,OVAL,UNET,81,80,85.0,1.2327925937199398e-13,approx(pratt),3.2052607436718434e-12,80,2,5.3617847305687254e-21,1.6085354191706176e-19,-0.2564390301167531,-0.2564390301167531
balanced_accuracy,PLANKSTER,PORED2,81,80,169.0,2.2553014246970042e-12,approx(pratt),4.0595425644546077e-11,80,73,5.79510097338583e-15,1.2169712044110243e-13,0.15910049747745536,0.15910049747745536
balanced_accuracy,PLANKSTER,SAMJ,81,80,81.0,1.0693359161398339e-13,approx(pratt),2.994140565191535e-12,80,77,1.4128410298528223e-19,3.9559548835879025e-18,0.22546706917398374,0.22546706917398374
balanced_accuracy,PLANKSTER,SEMI,81,80,1556.0,0.626039765128232,approx(pratt),1.0,80,35,0.31430657986393706,1.0,-0.016559960088968317,-0.016559960088968317
balanced_accuracy,PLANKSTER,UNET,81,80,1659.0,0.9981216641345122,approx(pratt),0.9981216641345122,80,42,0.7375543089843226,1.0,0.0007037099726138196,0.0007037099726138196
balanced_accuracy,PORED2,SAMJ,81,71,791.0,7.30116324593214e-05,approx(pratt),0.0010221628544304995,71,52,0.000112268646894988,0.0015717610565298321,0.05111256544502618,0.05111256544502618
balanced_accuracy,PORED2,SEMI,81,77,24.0,1.5928130461055663e-14,approx(pratt),5.256283052148369e-13,77,2,3.975760896174872e-20,1.152970659890713e-18,-0.15237801010700336,-0.15237801010700336
balanced_accuracy,PORED2,UNET,81,80,121.0,4.3657269238282834e-13,approx(pratt),8.731453847656568e-12,80,10,3.161290522649495e-12,5.690322940769091e-11,-0.15000000000000002,-0.15000000000000002
balanced_accuracy,SAMJ,SEMI,81,78,87.0,1.443233948271314e-13,approx(pratt),3.608084870678285e-12,78,6,1.8493658649069896e-15,4.068604902795377e-14,-0.22550856924478924,-0.22550856924478924
balanced_accuracy,SAMJ,UNET,81,80,100.0,2.095078371588925e-13,approx(pratt),4.8186802546545275e-12,80,4,2.7577887293885173e-18,6.894471823471293e-17,-0.2341129540042295,-0.2341129540042295
balanced_accuracy,SEMI,UNET,81,80,1502.0,0.4583561925321944,approx(pratt),1.0,80,45,0.31430657986393706,1.0,0.014790515653775427,0.014790515653775427
accuracy,60%,FREEHAND,81,81,1097.0,0.008031035087879041,approx(pratt),0.08834138596666946,81,53,0.007275502036308492,0.0873060244357019,0.11181640625,0.11181640625
accuracy,60%,ILASTIK,81,81,639.5,1.548953029931142e-06,approx(pratt),3.407696665848512e-05,81,24,0.0003173169180222807,0.004759753770334211,-0.0947265625,-0.0947265625
accuracy,60%,OTSU,81,81,481.0,2.8393706768858323e-08,approx(pratt),7.098426692214581e-07,81,65,3.641398627788796e-08,9.10349656947199e-07,0.28271484375,0.28271484375
accuracy,60%,OVAL,81,81,1188.0,0.026262244326878927,approx(pratt),0.21009795461503142,81,54,0.003596347718824061,0.0467525203447128,0.05517578125,0.05517578125
accuracy,60%,PLANKSTER,81,80,538.5,1.3058224223791398e-07,approx(pratt),3.0033915714720217e-06,80,23,0.0001831165641297511,0.0029298650260760175,-0.073486328125,-0.073486328125
accuracy,60%,PORED2,81,76,205.0,9.343085730403995e-12,approx(pratt),3.363510862945438e-10,76,69,6.417967005513454e-14,2.11792911181944e-12,0.136962890625,0.136962890625
accuracy,60%,SAMJ,81,81,1636.5,0.9118979312825856,approx(pratt),1.0,81,43,0.6569924675863577,1.0,0.007568359375,0.007568359375
accuracy,60%,SEMI,81,77,404.5,3.9032064499465616e-09,approx(pratt),1.1319298704845029e-07,77,14,1.414072408794608e-08,3.6765882628659807e-07,-0.0322265625,-0.0322265625
accuracy,60%,UNET,81,80,1404.0,0.22898503298944295,approx(pratt),0.9159401319577718,80,38,0.7375543089843226,1.0,-0.013427734375,-0.013427734375
accuracy,FREEHAND,ILASTIK,81,78,313.0,2.480631491142848e-10,approx(pratt),8.186083920771398e-09,78,6,1.8493658649069896e-15,6.842653700155862e-14,-0.164306640625,-0.164306640625
accuracy,FREEHAND,OTSU,81,80,17.0,1.0469847820121987e-14,approx(pratt),4.711431519054895e-13,80,78,5.3617847305687254e-21,2.4128031287559264e-19,0.1708984375,0.1708984375
accuracy,FREEHAND,OVAL,81,61,1540.0,0.9432438627683868,approx(pratt),0.9432438627683868,61,32,0.7981526273057179,0.7981526273057179,0.0,0.0
accuracy,FREEHAND,PLANKSTER,81,81,425.5,6.158747844264194e-09,approx(pratt),1.6628619179513324e-07,81,13,3.8083949050165733e-10,1.142518471504972e-08,-0.170166015625,-0.170166015625
accuracy,FREEHAND,PORED2,81,81,1167.0,0.02027647155238414,approx(pratt),0.18248824397145724,81,49,0.07478815428283364,0.5235170799798354,0.047607421875,0.047607421875
accuracy,FREEHAND,SAMJ,81,63,590.0,3.1216200042718595e-06,approx(pratt),6.24324000854372e-05,63,15,3.7606121325417525e-05,0.0007521224265083505,-0.017578125,-0.017578125
accuracy,FREEHAND,SEMI,81,81,939.5,0.000693019510241485,approx(pratt),0.01108831216386376,81,22,4.769842118193509e-05,0.0008585715812748316,-0.150146484375,-0.150146484375
accuracy,FREEHAND,UNET,81,81,834.0,0.00010063251941080497,approx(pratt),0.0017107528299836845,81,21,1.69358312158601e-05,0.00037258828674892216,-0.1005859375,-0.1005859375
accuracy,ILASTIK,OTSU,81,81,88.0,1.3471718360329738e-13,approx(pratt),5.253970160528598e-12,81,76,2.2643223890053103e-17,8.83085731712071e-16,0.3291015625,0.3291015625
accuracy,ILASTIK,OVAL,81,79,316.0,2.599223525198906e-10,approx(pratt),8.317515280636499e-09,79,72,1.059068672061396e-14,3.706740352214886e-13,0.145263671875,0.145263671875
accuracy,ILASTIK,PLANKSTER,81,81,1190.5,0.02706593745680417,approx(pratt),0.1894615621976292,81,50,0.04482852238579864,0.40345670147218776,0.013671875,0.013671875
accuracy,ILASTIK,PORED2,81,81,49.5,3.3841667739313164e-14,approx(pratt),1.421350045051153e-12,81,78,7.332294385792548e-20,3.07956364203287e-18,0.23046875,0.23046875
accuracy,ILASTIK,SAMJ,81,77,331.0,4.5385358652962165e-10,approx(pratt),1.4069461182418271e-08,77,70,3.5245694262351566e-14,1.1983536049199533e-12,0.078125,0.078125
accuracy,ILASTIK,SEMI,81,80,952.0,0.0008648929106923536,approx(pratt),0.01210850074969295,80,50,0.03299261842647619,0.3629188026912381,0.034912109375,0.034912109375
accuracy,ILASTIK,UNET,81,81,417.5,4.913372750379711e-09,approx(pratt),1.375744370106319e-07,81,62,1.7730682926908962e-06,4.255363902458151e-05,0.07421875,0.07421875
accuracy,OTSU,OVAL,81,80,63.0,5.610998135493335e-14,approx(pratt),2.244399254197334e-12,80,2,5.3617847305687254e-21,2.359185281450239e-19,-0.1748046875,-0.1748046875
accuracy,OTSU,PLANKSTER,81,81,180.0,3.208278466043698e-12,approx(pratt),1.2191458170966053e-10,81,6,2.91096598559025e-16,1.106167074524295e-14,-0.338623046875,-0.338623046875
accuracy,OTSU,PORED2,81,81,821.5,7.88399961128485e-05,approx(pratt),0.001419119930031273,81,21,1.69358312158601e-05,0.00035565245553306204,-0.12890625,-0.12890625
accuracy,OTSU,SAMJ,81,80,23.0,1.306404858499993e-14,approx(pratt),5.748181377399969e-13,80,2,5.3617847305687254e-21,2.305567434144552e-19,-0.23095703125,-0.23095703125
accuracy,OTSU,SEMI,81,81,384.5,1.9082645390960365e-09,approx(pratt),5.7247936172881096e-08,81,14,1.8890284038209304e-09,5.2892795306986055e-08,-0.32421875,-0.32421875
accuracy,OTSU,UNET,81,80,263.0,4.86008469794689e-11,approx(pratt),1.7010296442814115e-09,80,11,2.0495153187175896e-11,6.558449019896287e-10,-0.26416015625,-0.26416015625
accuracy,OVAL,PLANKSTER,81,81,464.0,1.7905951368236452e-08,approx(pratt),4.655547355741478e-07,81,14,1.8890284038209304e-09,5.100376690316512e-08,-0.134765625,-0.134765625
accuracy,OVAL,PORED2,81,81,1130.5,0.012665148994866305,approx(pratt),0.12665148994866304,81,49,0.07478815428283364,0.44872892569700185,0.05859375,0.05859375
accuracy,OVAL,SAMJ,81,60,616.5,1.0340002589851713e-05,approx(pratt),0.00019646004920718254,60,14,4.223704562267977e-05,0.0008025038668309156,-0.014404296875,-0.014404296875
accuracy,OVAL,SEMI,81,81,1001.5,0.0019325183070687188,approx(pratt),0.025122737991893344,81,23,0.0001266111519644753,0.00215238958339608,-0.096435546875,-0.096435546875
accuracy,OVAL,UNET,81,81,942.0,0.0007233707938876495,approx(pratt),0.010850561908314743,81,25,0.000752126064634077,0.010529764904877078,-0.078369140625,-0.078369140625
accuracy,PLANKSTER,PORED2,81,80,28.0,1.5703155736363653e-14,approx(pratt),6.752356966636371e-13,80,76,2.7577887293885173e-18,1.1031154917554069e-16,0.201171875,0.201171875
accuracy,PLANKSTER,SAMJ,81,80,661.0,2.5858863485135164e-06,approx(pratt),5.430361331878385e-05,80,61,2.7318699228822653e-06,6.28330082262921e-05,0.07763671875,0.07763671875
accuracy,PLANKSTER,SEMI,81,80,1056.0,0.004490589930106768,approx(pratt),0.053887079161281215,80,44,0.43404225534547874,1.0,0.01171875,0.01171875
accuracy,PLANKSTER,UNET,81,80,184.5,3.7891613371560794e-12,approx(pratt),1.4019896947477493e-10,80,73,5.79510097338583e-15,2.0862363504188988e-13,0.060546875,0.060546875
accuracy,PORED2,SAMJ,81,81,503.5,5.1759636256146096e-08,approx(pratt),1.2422312701475064e-06,81,13,3.8083949050165733e-10,1.1044345224548062e-08,-0.1279296875,-0.1279296875
accuracy,PORED2,SEMI,81,76,47.5,4.094271499544686e-14,approx(pratt),1.6786513148133213e-12,76,3,1.938302550893458e-18,7.947040458663177e-17,-0.147705078125,-0.147705078125
accuracy,PORED2,UNET,81,79,291.5,1.2239179516386356e-10,approx(pratt),4.161321035571361e-09,79,12,2.048841172810755e-10,6.35140763571334e-09,-0.1513671875,-0.1513671875
accuracy,SAMJ,SEMI,81,81,1338.5,0.1300977416329888,approx(pratt),0.7805864497979327,81,31,0.04482852238579864,0.3586281790863891,-0.060791015625,-0.060791015625
accuracy,SAMJ,UNET,81,81,1506.5,0.46984814379172624,approx(pratt),1.0,81,36,0.37417441760470777,1.0,-0.01806640625,-0.01806640625
accuracy,SEMI,UNET,81,80,1399.0,0.22000466290568388,approx(pratt),1.0,80,50,0.03299261842647619,0.3299261842647619,0.032958984375,0.032958984375
